ID,FirstName,LastNeme
30fcc874-28c5-46ed-962a-98a95de66af1,Sophia,Reynolds
10d872c8-29f0-418a-beb8-1401bbed94a2,Ethan,Thompson
54590c63-0f93-450c-afbb-1d4eb6a6b97d,Olivia,Martinez
ac162056-3ccc-4ee5-a5c1-6d3435380a73,Liam,Clarke
39b42c00-c8b5-4cf3-845b-128b120a3dd0,Ava,Richardson
44260ab4-a766-496e-9ed8-91fdc111e386,Mason,Evans
a213505c-f1a8-4420-bbfa-6fb75238791a,Isabella,Nguyen
5394ba2c-a045-4684-8b15-805fc38206b2,Noah,Patel
3f0bdaaf-86f9-4d7a-b334-14be731779ee,Emma,Carter
a20cdf81-a884-4fc8-b11e-af84592375cc,James,Mitchell
32542891-0384-4a12-83fa-2d4b11c2eb55,Mia,Cooper